Trip,total_distance,speed,temperature,consumedElectric,slope
554,2.672902836039007,46.20174897611063,11.5,0.9756126404000014,-3.7412508472695056
565,1.5297383643461,51.88882779645675,10.0,0.7317199706999986,0.6537065574788397
568,11.85194332302158,41.52635896070715,10.23158640226629,2.6829299927000037,-3.29059960354731
575,15.318975940290645,39.52092949872601,6.334818941504178,12.317070007300003,1.305570299082312
588,14.204206936034867,48.29627716640423,7.777348394768133,10.487800598199996,-0.6336151001269746
596,11.539341552367432,65.12189290736073,-5.061386138613861,10.487800598099994,1.6465410884819442
600,13.562939389897432,19.26589605798483,-2.0622438524590163,8.414630889900003,-2.064449246219904
601,5.383366511758742,49.75183093820382,-3.0,0.7317085266000021,0.0
603,4.48515991795248,39.124059836989204,-4.0,2.3170738219999976,-6.911682206897053
616,3.975535973693127,39.19404016237502,7.0,0.8536567688000005,2.2638456951602755
625,5.579936830348148,33.08739611453846,3.6637220259128385,4.146339416499998,-0.7168539934439417
627,7.7038188486928165,55.94317895869505,5.0,1.463417053199997,0.5192230085574663
630,11.125901743273221,47.68420999169648,2.7980815347721824,16.341461181599996,2.247008878638995
632,6.752223167377841,43.45651984562076,4.0,7.195121765099998,-5.33157733499206
635,5.850324964256663,42.53875447354816,4.5,1.8292694091000001,-1.3674454066871606
636,5.331487902218891,45.62001914805201,4.694164989939638,1.7073211670000035,-3.376168216101297
646,4.774094722701246,63.242242617870076,2.982283464566929,1.9512176514000004,2.5135655442567844
658,14.03647998575437,65.42049982293727,2.673521850899743,12.926830291699993,0.6411863949604248
659,10.510245160258181,34.009350240887564,7.334560053529609,9.268291473399998,-2.1883409615380476
668,4.1306832259455675,51.33662042965442,9.350287907869482,3.048778533999993,5.325995433833809
669,4.910035761269705,23.562151283659997,7.616537717601547,7.073177337600001,-2.8513030618701007
672,10.708069592783172,42.50106452371082,12.985540334855404,3.170730590800005,0.560325084555275
673,4.199071663273255,47.18442650021395,9.632231404958677,3.0487823485999996,-0.23814787652861377
674,6.199755787246364,42.13301537549215,2.365702479338843,0.9756011963000049,-0.3225933518404448
678,6.846216661936276,31.160595299127284,15.072847682119205,0.7317047119000009,-2.044925057344075
690,13.799086424455112,50.41912005337769,7.334545454545455,9.512191772400001,-0.6522170905495568
693,5.696706444225392,46.9471510332396,5.44336569579288,3.7804908752000017,0.5266200794041308
694,1.58126519183704,32.74804008639006,3.6081632653061226,3.6585388183999896,5.691644922344886
702,8.317911402954604,67.5702891463612,9.21754932502596,7.804880142199998,2.4044497507987166
719,10.705165341740516,27.661413752495505,8.183028286189684,3.0487823485999996,-0.4670642479947972
728,2.7034369223059516,64.90858792035577,6.5,0.9756011963000049,5.178593176887743
735,7.287687152402534,43.507870069626385,-2.8129032258064517,0.7317047118999938,0.5488709814719912
736,6.8296369447558405,48.94968513009083,1.7941176470588236,10.0,-1.3177860071918874
738,8.346759384699853,64.25016848313831,-1.6062022090059473,6.585369110100004,4.672472058016853
739,7.973131092041546,42.528670921714266,-2.8819444444444446,3.0487823487000014,-4.138900968646967
755,3.363000215145405,40.115046469949256,-2.1742902208201893,2.4390258788999972,0.8920606030559799
757,7.382274064026738,51.59813087709958,-3.4101123595505616,4.0243911743,-4.199248054344209
772,10.226471244250037,24.506793733226395,-7.981497145273842,22.8048782349,1.95570881903621
775,3.4804352079896894,24.90069352078676,-7.0,3.658538818400004,6.895689350833362
778,5.799478380205807,32.703599257290975,-8.145925925925926,5.121948242199991,0.8621465021863853
780,1.8293861360565773,33.51104976231016,-4.889105058365759,1.097564697300001,2.7331572604884795
787,1.5434451779180112,26.523570879300426,0.6785714285714286,2.5609741210999886,1.9437036332231568
792,5.561088843769329,40.126103246263725,-1.840365682137834,4.634143829399996,-0.17982089984417438
795,8.579405724356025,41.685193368102844,0.6384136858475894,5.487804412899997,2.6808383632802717
799,15.12750927702449,45.7369747304153,5.230645161290322,5.487808227499997,-2.0492468014600718
803,2.9713301679033144,28.934126652803798,0.3381818181818182,1.829269409200002,-5.721343317426033
808,5.0648331225529875,43.36837368066542,0.09369817578772803,5.3658599853000055,4.1462372978272395
816,14.94453929526741,38.47730775328282,1.0629629629629629,11.829261779800007,1.405195542337676
825,7.161101812517686,36.470044807690805,-13.153201219512194,0.9756011963000049,0.4189299466118421
834,8.842976149449122,49.949229370629965,-1.0096153846153846,1.7073211670000035,1.2439251010176309
845,8.329749086362247,56.70259372695955,3.6259541984732824,1.341461181699998,-1.6807228951135256
869,5.495909287544244,40.166249129460574,-10.727739726027398,7.195121765099998,1.4556281010916516
876,3.6331850225358617,28.646983966286452,-8.624271330153682,10.8536567688,-2.2019247438205674
883,4.26283000759113,39.47256510822052,-12.654605263157896,1.3414611815999962,-0.7037578309849755
887,5.981775398773221,24.205087593350207,-14.452944136889784,16.097560882499998,0.3343488958830136
896,6.63097217254653,35.57095385508377,-1.0,5.487800598100009,-3.0161489868414404
900,8.093409842543194,57.2087346087646,-0.11938202247191011,0.0,1.6062451121238421
901,4.257437890070583,55.55491183827536,0.5,2.6829299925999948,-4.697661015007415
912,3.6986751087344443,31.69486844352422,-9.828970331588133,2.1951141356999955,-2.16293666375507
915,4.953876879478771,30.61764782844073,-7.145420792079208,6.219512939500007,0.4037242040239064
916,2.796886631178882,27.65004032357051,-1.8232890704800817,6.341468811000013,-5.720646600987196
936,6.312410655100192,12.986549669506251,2.72,0.731704711900008,0.0
937,5.700830841368219,38.66346762893002,3.92619926199262,4.512191772500003,1.4033042239997375
941,9.975523544005807,45.513149241490694,4.996387283236994,4.756099700900002,1.1026990163949633
956,14.31359526294253,48.045374131007655,-0.07620164126611957,14.512191772500003,-0.6287728439060123
960,2.7656120634159658,56.85999853951905,-2.8857142857142857,1.463413238500003,-3.615836122600806
970,11.793420391094198,38.05159445179089,0.6654117647058824,15.000007629400002,-0.42396521400829146
982,8.942155259069187,35.02699398623857,6.810880829015544,1.8292617798000066,0.5591493163719082
983,2.703369559218934,35.03678555377266,2.3842010771992816,1.5853652954999973,2.219452379175838
986,8.7220029832623,44.79687148029693,5.51920438957476,2.804878234900002,0.4586102535938225
989,5.926942163808359,43.89731061159285,7.206794682422452,3.7804832457999993,1.6872106600032175
1001,16.61302263548519,29.437071011460258,-1.7661713286713288,19.146331787200012,0.9029061314802644
1006,12.701168213864012,23.856570145811855,-4.004380475594493,9.6341476441,-2.5194532865937695
1009,7.865327812183963,45.82092576085133,-5.2317073170731705,7.073173522899992,-2.034244520007779
1026,4.984692194439838,58.25115741171219,-2.682926829268293,1.0975570679000057,1.805527733495566
1034,13.122297040936074,31.287006746775678,-9.600439681231107,19.7560882568,1.5241234013837952
1035,7.378287169099745,51.9143266689571,-7.478514426028238,15.12195968630001,-2.3040577860937663
1049,8.725985430909589,31.712329674823916,-8.926857406552838,13.536586761500004,-1.4898030833229219
1064,4.943385363085958,30.500405579068747,-1.1104240282685511,2.9268302918000018,0.4045810417562672
1067,2.3866785775805646,30.341824567663863,-5.000970873786407,4.146339416499998,-0.8379846447641265
1070,2.247900805667403,47.26038515721399,-1.0,2.3170776366999988,-4.003735386058503
1072,9.399030802121175,61.61286147499527,6.74260752688172,6.58536529540001,-1.1703334345406675
1073,13.629677426997372,45.916325739627794,6.665196078431372,40.243904113800006,3.1548802405863636
1075,7.218525092206967,29.748939092657494,7.224928366762177,4.268295288100006,0.2770649093066361
1076,1.6645817638582059,40.01754854110059,6.569078947368421,2.926834106499996,0.0
1083,4.238107611332444,41.81611443579067,14.088012139605462,2.073165893500004,4.955041713392852
1100,2.516829868171661,31.214933900271177,3.0,2.195121765099998,0.7946504550396528
1108,6.067219159046759,42.743818193344374,4.929889298892989,3.414627075200002,1.1537410824467058
1110,8.876890026778847,52.46556922223787,5.008148148148148,10.487808227599999,2.7036495808328573
1111,5.6086217648664825,60.848629232066735,4.504979253112033,5.121955871600001,-2.6744538371196596
1113,6.375713907846069,53.819798266645876,4.054441260744985,2.560981750499998,0.0
1117,8.097822002620575,50.28020568469648,8.194827586206896,3.170730590800005,0.4939599806843792
1139,7.91564474297333,43.59554673852587,14.748251748251748,4.634147643999995,-2.526641941296554
1143,2.772989356258663,54.83840780908409,15.0,0.8536605834999946,-3.2455948594562454
1148,8.38831119304578,34.23434578394255,31.437689969604865,1.3414611815999962,1.6689891061274071
1149,2.3077403578264124,27.50951753122396,4.23828125,0.0,3.4665944861903557
1151,1.2781940858005263,47.25881577221527,30.736559139784948,0.9756088257000002,-4.6941227992321926
1153,1.5267612791073404,53.99803120972153,30.737704918032787,0.12194824219999845,-5.239849942145115
1154,3.5321814619901666,39.35507062291531,-0.7105263157894737,1.585372924799998,0.0
1160,1.8460106738594872,33.262111995139904,4.746478873239437,1.8292694091000001,-3.2502520624410547
1168,2.283496901476241,43.1002047680058,2.0,0.0,-0.8758496666700246
1175,2.3704384277878647,3.49054211833004,2.7670682730923697,1.2195129395000066,0.0
1179,17.33096792407628,33.08436339600991,3.4238000989609105,6.219512939400005,-1.615605090417497
1184,4.09314940965335,29.306058918404123,4.360099337748345,2.073165893600006,4.886213035085325
1197,12.366276172933038,35.73025981575756,-4.011696772283091,20.365852356000005,0.8895159582539888
1198,1.7928378854567621,49.02658616929445,-3.5,1.0975608825999998,-1.6733247463898213
1204,11.135006863849078,25.160112381654983,-0.2755822159491884,6.7073211670000035,0.7184548781889669
1212,3.867319322976349,36.76478132063921,2.9678533475026567,6.829269409200009,0.0
1221,7.499715430711892,46.234708085942515,2.3508771929824563,5.609756469700002,3.0667830283017525
1222,1.808416060874447,49.36785610183214,2.0,1.9512214660999945,1.1059401889147755
1243,10.903523962413068,31.6779145120835,3.3705698401667825,15.609756469700002,-1.7425558989458205
1245,3.068550763361724,48.883226440066665,1.8650793650793651,1.5853652954000026,-0.9776602153106883
1261,11.433387763662134,39.60508354703427,0.6951090781140042,12.682929992699997,1.4868733879585372
1262,3.0028086613725002,51.92610555394576,5.158666666666667,2.073165893500004,-0.9990646552314071
1263,5.678807779795171,57.82982752216766,6.7645547945205475,7.195121765099998,-0.8804664982304341
1292,4.88898433096659,33.92141678149778,6.0,4.268295288100006,-2.249956075810375
1304,10.80561320392573,39.500710804555816,1.5722077922077922,13.048789978000002,2.1285233485540638
1306,11.058762184660162,40.36256959129075,4.035455278001612,7.317070007299996,1.5372425698403254
1310,11.106849129377224,35.420541009169014,3.3342977380326144,8.658535003699999,2.3408979177749805
1320,3.5308288769344567,46.63018979948468,6.343324250681199,0.8536529540999993,-5.097953094693163
1323,8.062269892716229,47.05027971910545,5.702247191011236,2.073165893500004,-0.3721036432568845
1338,7.202176785895696,40.57978561237353,0.11419423692636073,2.92683410650001,-5.831570266679685
1339,11.568595215672588,34.14016949656657,3.1816707218167073,13.658535003599994,-0.43220459414348217
1340,2.270501278115225,34.08893306575034,5.140549273021001,1.3414649963999992,3.523451000494883
1360,5.473581790020525,30.62451781696874,10.5,0.24390411379999932,-1.278870083345142
1363,3.3745073079039996,28.037669158460563,13.128858024691358,3.536579132,5.037772465385228
1373,11.992086528613354,80.75992624022481,14.0,1.3414611815999962,-1.58437816093685
1380,7.310992250772791,40.62221271968558,4.092718446601942,5.487804412899997,4.2401905154150885
1383,4.459031823623503,68.69449211776335,2.5844346549192365,7.439025878900001,-2.9154310877817253
1384,4.766039171322909,50.81955603273086,1.3416107382550335,4.9999980925999985,-2.098178307087707
1402,8.494646731773766,38.48940836499654,0.9973147153598282,5.487804412800003,-1.6480967887262172
1405,11.398236521704941,43.015770187556754,2.7515201768933113,6.219509124799998,-1.842390264494953
1406,6.30741175146656,50.38659894609485,3.0795,7.317073822099999,3.487960017020404
1409,11.809867095828013,48.89227692121084,4.0184310018903595,5.7317085265999985,1.6934991594499194
1410,5.973818692560517,53.33623634882642,1.2214206437291897,5.24390411381,-3.682736475982717
1413,8.091303227370302,54.38193470909255,3.9401069518716576,8.780490875199995,2.7189686731280824
1418,11.394136915160795,54.83309899106231,12.433094713656388,19.634147643999995,0.7021154879537538
1421,1.624079965689945,45.893412237061995,9.5,1.7073211670000035,0.0
1424,11.260762138713519,60.307651954147495,3.7557160048134777,6.463409423800002,-2.131294463408484
1427,6.755522009048557,25.632235240017927,10.655472052606857,7.926826476999992,0.0
1429,2.5836516347719174,44.159393097866136,10.299242424242424,0.0,1.1611472536098457
1435,5.26789509260611,34.648250722810864,15.21165644171779,4.02438354489999,0.0
1453,8.588782665641405,40.452802997355455,11.542139384116693,6.341461181699998,2.5614805795481206
1457,8.78343844769039,50.332357189281666,11.0,2.3170700073000035,-2.504713857906628
1461,5.0664409572258196,39.344400803386016,9.151965065502184,3.6585311888999996,0.19737721379616352
1469,3.646828936156284,33.792816948589,17.97669491525424,2.804878234900002,-3.8389516604954443
1474,5.60512715322705,51.611683472341305,14.0,0.731704711900008,-1.427264677732448
1492,11.944159099824915,73.3881555824157,13.569965870307167,1.7073173523000023,-1.5907356760074063
1493,2.215003078498385,48.61218472777459,13.782786885245901,1.9512214659999998,-1.354399923468182
1496,7.357623252651338,51.90973908354014,7.101010101010101,3.0487823487000014,-1.3591345542728726
1509,11.83325705956384,58.67641188658238,28.890633608815428,22.926830291799995,0.0
1510,5.439043254646791,54.93200751058869,27.236899563318776,1.829269409200002,4.044829020472402
1511,7.172745742829924,51.14046242438407,25.30960264900662,1.8292694091999948,-2.648915865865304
1516,5.975380167875401,49.52909441819723,21.313953488372093,3.5365905761999983,6.861488114249626
1520,9.077415808834882,46.68075164979507,23.967741935483872,2.073165893500004,-1.1016351140670657
1522,7.848882599198638,37.28363005893455,27.693765281173594,1.46341705319999,-2.675540082883145
1528,7.605872853123927,37.23576448466968,21.579231287929872,4.0243835449000045,3.023979028331155
1531,3.2958193809430942,22.90050300762489,22.0,0.12194824220000555,-0.6068293704334315
1532,3.0601699212193116,37.79685335017073,22.045350172215844,2.8048858642999903,-0.3267792396317503
1533,2.032460738212468,32.27425628945959,19.5,0.48780822759999865,0.4920144242882111
1553,5.131040438069961,33.13443308811641,14.5,0.0,-0.974461234587492
1558,1.0141711461563532,35.5500767637645,5.0,0.48780822749999686,-15.77642990597694
1561,9.695520602475348,28.399338919707414,7.169386169386169,9.268295288100006,2.062808261672285
1562,2.7602615883690533,38.02566822178091,6.5,0.9756126404000014,-5.796552061376859
1567,13.265003059513823,36.290614155915925,9.448083067092652,-20.243904113699998,0.7538633768220564
1568,1.9595893265552358,26.36556277728426,9.605633802816902,0.9756088255999984,-7.654665085550612
1572,4.127921516103005,24.035847673459195,14.1640625,2.195117950400004,2.180274010756027
1573,9.893154556715352,58.424811800578595,18.070876288659793,4.51219558710001,-1.5161999050968211
1575,5.72944543002964,40.122126718551144,24.145067698259187,0.6097564697999971,-3.1416653181923895
1578,3.573006604162134,20.40884385187538,9.93632075471698,0.0,-1.3993816843706883
1582,5.55960657792011,42.27464570300768,18.51388888888889,19.024383544900004,-1.259081897593328
1585,1.6195094902206844,30.45284411413885,15.156609195402298,1.7073211670000035,1.8524127324448105
1586,3.031127080746248,44.99732976558331,26.09860557768924,1.0975570679000128,0.0
1589,8.473877496126015,31.17707455088182,26.717115444134944,10.609756469700002,-0.11800973054627802
1591,1.5321305606686537,29.052469132891567,16.5,0.0,2.610743563691019
1593,9.582673115099386,35.040221020832746,27.381930854533593,9.024383545000006,1.9827452916098915
1594,14.307916439044314,55.225292883225926,21.36015538290788,2.0731735230000012,-1.537610321791163
1595,2.356904858790266,36.238939662114305,14.0,0.731708526599995,-0.42428526390041565
1596,2.7114259500356113,40.96769137107253,24.266346153846154,0.36585235599999777,-7.007382960154401
1599,8.07392951993086,27.128509303327952,7.8678696158323636,4.756095886200001,0.9908434276335504
1600,9.22389567514407,63.79558049101776,19.940298507462686,3.4146347045999974,-2.059867182930084
1601,6.599285717513917,33.79778374308549,9.582701062215477,65.365852356,-0.6061262038381451
1602,1.58640620204563,30.842242009709633,3.796969696969697,0.3658523558999889,-5.673200210888441
1604,12.48377284527245,50.79170391161317,16.397624039133472,8.41463470459999,1.5219757869268837
1606,5.745553613511358,51.34353262937579,18.0,1.0975646971999993,-6.091667114147765
1607,3.622274087757355,37.89931838277529,20.154342723004696,2.926818847700005,-3.0367663333865464
1615,2.51971373326107,31.312726569176,1.0,0.8536605835000017,-0.3968704804834228
1624,2.9708164770915904,43.46087851656244,19.503768844221106,1.585372924799998,-4.375901406312016
1625,4.740820511360974,34.659623738621235,5.861613351877608,2.0731697083,-0.4218679013911557
1629,4.1628163208279165,24.685057888045527,5.724540901502504,2.926826477000006,1.2011099252646298
1634,4.911758457188187,30.964693808554667,23.0,1.3414649963999992,2.8503030273224224
1635,2.4641865999435657,34.82870296931618,23.44938271604938,3.536582946700001,-4.058134233920848
1637,5.568458647602234,24.777485997918237,19.0,0.3658599854000073,1.4366632682896519
1638,6.390453744315942,30.563687160525223,4.4086705202312135,5.121948242199991,0.4694502331181698
1641,9.117133524707787,37.41615524317898,28.377421307506054,4.512195587199997,-3.838925897613393
1644,3.482475005885918,35.5238078174492,4.995442708333333,9.024391174300007,1.7229125808107963
1648,13.450762724567905,64.92786498297605,31.59247258225324,10.000003814699994,-1.561249754383323
1652,9.752640634362882,39.91617766325822,29.43424317617866,0.0,0.10253633220899744
1656,11.870719013737462,36.42318897070293,23.83613445378151,6.829261779800007,1.179372537063544
1661,8.382925870896605,48.657357460088356,30.42722371967655,1.8292655945000007,-0.596450460973147
1674,2.141264572679486,36.46665284804172,1.2408123791102514,0.0,1.4010412530413883
1675,12.812595869158342,41.28345923179797,31.881567028985508,12.195129394600002,-0.9365783579333544
1682,14.505241496883837,35.72260745086114,30.442912011173185,16.341464996400006,0.48258417493454425
1695,14.200272666272681,27.162968358928744,30.17209668943773,13.292678833000004,-2.60558377078768
1707,5.916899649902465,31.47653781680054,3.9242788461538463,1.9512176514000004,0.6760297177029082
1712,3.713660084679401,25.435424340373828,6.5,3.1707305908999928,0.8078283772864444
1716,14.392958560862198,55.37225084046934,19.65915915915916,1.3414611815999962,-0.20843525584501424
1720,20.508686734334745,54.676858486202576,14.260135135135135,17.31707763669999,-0.04875982616311769
1721,7.126941039740054,28.73075972696605,-0.11347926267281105,6.341461181699998,-0.2806253045798941
1722,4.499528047260773,46.21472978456941,18.308781869688385,1.0975646971999993,-4.000419557548499
1725,2.858091875320485,32.63438446453443,0.7038934426229508,3.9024353028000007,4.19860540650199
1727,4.054934135106209,35.884701406095694,11.314955640050696,35.121948242200006,0.24661313024602494
1728,4.085888927123519,32.215957669416376,0.39791666666666664,1.2195129395000066,-3.1816821827195505
1735,9.882441949570486,36.804165027955015,24.2987012987013,2.3170776366999917,0.10118956479612433
1737,6.533638115830943,30.221453046836437,-11.881790359602142,11.341461181699998,-0.6122163378329813
1738,1.4246876620257154,34.128792702670964,29.924932975871315,1.0975570677999968,-0.7019082334005291
1739,1.6078242418932982,42.015269544177315,29.405811623246493,0.9756088257000073,0.0
1740,1.5052288310245627,46.875750530661094,27.5,1.3414611816000033,-3.3217540728320056
1751,8.324684513164284,58.733819398513766,23.8025641025641,1.5853652954000026,2.1622441032492707
1752,9.160867983076832,56.034590863912186,23.0,3.902435302699999,-2.401519161791362
1756,3.547841486593396,16.47167756517039,-4.027966101694915,3.780494689899996,0.5637230433088997
1761,5.3107446610984885,24.784423146970962,0.9713337356668679,6.097557067899999,0.376595021532501
1763,12.945166904923285,46.00700848034309,25.32095238095238,0.9756088257000002,-2.39471613055913
1765,7.171544043221465,36.97070379598516,0.5022371364653244,7.073173522999994,3.625439632428273
1766,2.924725382187075,32.303603319226404,29.57452725250278,3.1707305909,1.0257373284587272
1769,7.207093928830773,34.155500520534254,-0.8861788617886179,4.634147643999995,3.1913001588604737
1771,5.380544167711122,24.32236552732475,0.8855785837651122,6.951210021999998,-4.46051537761274
1778,4.728925812434845,33.91030193577846,11.92686002522068,4.146347045900001,0.0
1779,6.150339927004729,53.660062626003636,33.90497448979592,4.024391174300007,-0.48777791725424635
1781,1.729208782212653,11.625927513590286,-7.5,6.585365295499997,-0.5782991679700034
1782,9.440111627674574,35.43726065544747,27.817427385892117,0.0,-1.0593095075998955
1784,4.527276674898361,27.78806564634159,21.971523178807946,1.9512252807999886,-0.44176668306778505
1788,4.00812883746203,53.61169033144975,22.3681592039801,0.0,1.9959438242672973
1790,3.5283252822028532,42.79905712086339,20.0,2.317075729300001,0.56684116118436
1793,18.59089073071761,22.16922585261117,0.5872427983539095,-47.439025878900004,0.48410805756226394
1795,12.46794423554228,61.31268563561741,24.171755725190838,19.1463394165,0.0
1798,13.037675954484905,34.57853873136037,21.06650093225606,4.756099700900002,2.224322808853377
1799,2.769790753986486,42.84796350029118,-4.653473344103393,4.146339416499998,-8.664914476105258
1804,5.8232250964238155,26.441651609668433,1.0,1.7073211670000035,0.17172614546776224
1808,8.23023837013495,33.3617396063992,3.515355979525361,7.195121765099998,0.0
1814,12.406787055305267,38.21957693183085,13.511058981233244,26.219512939500007,1.289616717743071
1816,2.446318218532337,41.258978660179245,4.2492711370262395,1.707313537600001,12.263326893750737
1817,2.3522573225232435,46.78812874182416,3.9389312977099236,1.2195129394999924,-9.35271825465116
1824,3.418520942868208,25.530281024079347,9.631161971830986,1.9512252807999886,1.4626208478936213
1831,10.854918627744848,32.31485177613469,17.769815668202764,-8.414627075200002,3.0400964882088553
1832,2.269676151646341,37.41281701062647,26.356815578465064,2.439018249500009,-7.049463857825787
1835,6.475785937537206,28.00848947340723,-3.243313201035375,6.219512939499992,-1.544214107207361
1838,5.2290201482125624,23.252600747106168,-2.055295950155763,2.926826477000006,-1.9124041821522342
1840,12.497705372155224,45.470651007344934,31.800902708124372,6.9512176514,-1.68030845460542
1849,7.923449458070697,33.836037974881215,-1.87973086627418,10.000007629399988,-0.8834536065437906
1850,5.89971659522323,53.72547378241663,1.6025,3.902442932200003,-2.203495674779631
1859,11.766182818567914,62.99110125328473,22.082012405237766,7.073165893600006,1.6147972790305944
1869,16.60455315710215,43.71218119011458,27.10810810810811,2.439025878999999,-2.047631133359191
1871,14.959303812223258,33.728435904691,-5.363292011019284,10.1219520569,0.8021763680068315
1875,2.8908736964470343,39.335179113940626,-7.383693045563549,2.8048782348000003,5.880575142695954
1877,1.5676310601688235,11.968299356851105,29.7627824019025,3.658538818300002,0.0
1878,0.21578251547999996,5.598911376227619,-5.401360544217687,1.585372924799998,4.634295775890545
1879,3.099275169803599,36.33245989414869,22.5,0.9756088256999931,0.6453121747581838
1886,2.750840212786915,43.06334188031691,24.211048158640228,1.7073211669999893,0.3635252950540831
1897,12.01990675008523,43.50627288410622,-7.55081001472754,2.6829261779999953,-2.4958596288434
1902,2.6371957320349626,28.60541448524148,27.954873646209386,0.8536529540999993,1.8959533186191704
1913,3.0858233906951007,44.74802665785854,24.890532544378697,0.0,3.888751390045341
1914,2.1511293201569757,29.6779425097258,-1.7516411378555798,2.1951217651999997,4.648720979392473
1920,6.5169835641569716,31.193736622172192,-9.20923520923521,12.317070007300003,0.4603356707081209
1928,7.675028840568307,23.384991238596356,-6.791184573002755,12.195121765099998,0.5211706800184239
1936,5.094046768633021,30.985993496860058,-6.362573099415204,4.146347045900001,-3.7298440440307576
1938,9.614480866556624,51.76939010619739,31.5,2.317077636700006,0.10400977586615602
1940,5.637668072164182,57.655027266252844,32.95170454545455,2.4390258788999972,0.886891518975257
1941,3.904281957950218,43.05166234090888,30.774549098196392,0.7317047118999938,-4.3541937245037365
1944,5.721182962348896,36.01223511133631,32.44563552833078,1.0975570678999986,0.5243670792811556
1946,11.458306364157705,68.31599521926529,24.655770782889427,7.9268302917,2.3563691824873594
1949,5.460279126060634,29.02459787995165,-8.297529169526424,9.390251159599998,0.7325632825085693
1951,5.329872592814293,29.280364550151937,-2.2753549695740367,4.390243530300012,-5.253408878431626
1954,5.780084169185391,41.74430171813899,4.879821958456973,9.1463432312,-1.5570707513189042
1956,11.607125653139953,60.15696770947835,27.01386263390044,14.2682952881,1.9815413985613273
1958,6.2776343241264385,43.583804013470285,29.384661117717002,4.756097793599999,1.752252430143054
1962,6.495094485608616,22.347448299328953,19.70796783625731,-20.609756469700002,1.8475481806444503
1963,6.552752231810433,39.10644757345417,28.35019841269841,4.634147644100011,3.5099755318606674
1969,12.509772264413426,32.500801218751434,25.69242053789731,6.463413238500003,1.0391875827333106
1970,3.5812309299339895,43.7048403365321,29.904761904761905,0.8536605835000017,-2.792335986047212
1972,3.7248935145630724,26.517828945040463,28.837209302325583,0.48780822749999686,0.0
1984,20.71354463223274,53.178082909544884,32.11827321111768,6.463417053200004,-0.43449830339491624
1996,7.388455569579919,43.59729803286772,3.1567299006323397,5.6097488403,0.5413851328373659
1997,4.3109662210987585,43.75097591575431,25.0,0.6097564698000042,-0.46393311787310865
1998,0.3672963739889038,29.99810752783117,23.594594594594593,0.24390411370000464,2.7225969838466484
2002,9.189969634169305,33.57282783265221,-0.5,5.243896484399997,2.3939143300541073
2006,8.490231002683254,56.452129593309294,29.97814207650273,1.7073211670000035,-0.9422594034805035
2007,9.256212609081143,62.231428813230714,27.350157728706623,10.731704711899994,-3.02499533907957
2010,4.6934297455337255,36.64021402232843,4.087603305785124,3.6585311890000014,-4.900467514590334
2011,5.001660783105894,46.58627620752883,4.0,1.341461181699998,-4.398538996148916
2013,11.21646406496761,68.09939387964977,28.493283582089553,9.390243530299998,1.4264745027778238
2014,8.68165362901095,58.09772946635539,28.07441574415744,7.926830291800002,-1.2670397219306209
2019,10.951306319107534,46.58815510935986,1.7614634146341464,6.5853652953999955,0.0
2021,12.160052009928297,42.80236322906309,21.838661710037176,4.512199401900006,-3.0427501436499345
2025,17.933212549312767,89.43149928006453,26.206881143878462,11.585361480700008,0.7249119456010787
2029,10.367697057830135,42.98654188655649,6.728571428571429,2.5609741211000028,-0.28936030665887075
2034,11.020109431944265,40.45847800848534,14.150898203592815,1.2195129395000066,1.8148640105174911
2035,5.178678722550104,35.41535155010641,13.5,2.3170776366999917,-0.19309944747983446
2038,2.910273439720782,52.3409986413711,24.544827586206896,0.6097564698000042,-4.466934214005419
2040,16.57384829446146,25.229986198615997,19.9494750656168,2.3170776366999988,0.0
2051,11.170255123583356,68.87494534103419,25.23804780876494,3.902435302699999,2.148563281185017
2052,12.08662757771099,77.77274773882738,30.60806345009914,13.902442932099987,0.6618885167565549
2066,6.034377251686921,33.57218839511547,24.15143464399575,1.829269409200002,-1.3257374649162985
2071,9.726604461738884,42.463965270481324,32.11864406779661,2.439022064199996,-2.98151324175626
2079,11.322992935378041,34.04743751593689,-3.9074746008708274,6.463409423800002,1.148106342041621
2092,13.889286103552088,31.926002665495577,24.143493150684932,11.951225280700001,-1.223964995267278
2095,3.666999472447823,44.761855713321175,1.0,1.9512176514000004,-4.635942854022837
2099,7.087971849382691,32.74934083595893,0.6506696428571429,0.6097564697000024,0.987588572408008
2102,5.783030142129464,44.394804882471654,-4.237523105360443,6.829261779800007,0.8645986406978796
2105,13.375072905298405,46.451698658073056,5.987057808455565,-10.6097488403,1.345787056821909
2106,2.942323915536824,61.11279241924815,17.5,2.0731735228999923,1.0196022212777525
2107,5.699663099642834,39.40339747468857,-1.0939425051334701,5.975608825699993,3.1580813962719936
2111,4.517732005078929,37.87578530831298,25.59643605870021,1.4634170532999988,-0.4427000091531676
2112,3.152855492848602,42.97680035122752,-5.5,4.146339416499998,5.709110373383151
2115,4.9239869183556655,40.90352031126771,24.233274647887324,1.3414688110999862,-3.4524868326979723
2121,2.0975909761509537,23.2628800191979,3.360082304526749,2.926834106499996,7.627797879527375
2125,9.012549126601751,33.844862927692915,19.74621212121212,5.731708526599995,-1.3314767921298076
2128,6.073637122747465,29.26252687688054,27.36037527593819,3.414638519199997,-0.8232299524898524
2131,2.4213037219155225,31.984604664479182,27.164275466284074,0.0,-9.0860142000672
2133,7.504274365094161,42.51492347023302,-2.2362948960302456,5.975608825699993,-0.6662869395150722
2135,10.540535973443097,33.348558852925066,20.37950138504155,10.60976409909999,1.4230775396803856
2142,11.95676660499978,33.588546336536346,20.288732394366196,11.219512939400005,2.4254048739124427
2143,10.083559781501293,43.050630349854984,-0.4456824512534819,4.0243835449000045,0.19834265312425506
2144,5.215202713605842,39.347546392669244,5.130624092888244,3.5365905761999983,0.0
2146,8.743238354306337,44.856010580338626,2.894869942196532,6.3414688111,0.5718704897868114
2150,11.956910045618528,34.28507610704886,-1.8004524886877828,4.268295288100006,-0.5854355325325099
2154,2.7473086753368583,44.18157650952299,26.91042780748663,2.3170738219999976,-1.091977769710263
2158,13.358356353469691,34.607021849020455,19.908679245283018,4.756095886200001,1.721768711015558
2161,12.6542492980466,52.80319361073133,3.0580912863070537,1.9512176514000004,0.15804967587518085
2164,2.081640796219675,38.535661618417514,27.478706624605678,2.4390258788999972,-0.4803902776194776
2165,5.055099655437069,52.62043810535027,1.775337837837838,1.7073211670000035,-0.7912801473058508
2170,1.3356311492826123,38.462345235161145,15.80791788856305,1.9512176513000057,-1.4974194043574307
2175,7.639263391922433,43.66572610107601,4.857786357786358,2.5609741211000028,2.618053465880952
2176,13.950392494613501,44.0408508530975,22.0131845841785,3.048774719199997,-2.2221596999489197
2178,9.177025231611804,37.7066799172354,14.691780821917808,6.463409423800002,1.1986455002987955
2180,5.232801310715941,29.69761222255329,11.5,0.0,1.146613380430279
2188,15.27951303666874,33.892616938571706,20.51157770800628,6.341461181700005,1.5707306864036363
2189,1.7571348059961227,50.23186842081131,21.0,0.6097564698000042,-1.138216597369259
2196,10.249828515130375,31.75436874102131,18.380450070323487,1.707313537600001,-1.0731886864021436
2200,1.0634751010238153,19.64032215200645,7.0,0.7317123412999962,4.701567526297948
2202,2.252167765626805,34.42429614439758,17.5,0.3658523559000031,3.1081165918613602
2207,15.274282431692903,46.71038207642212,11.475862068965517,3.902442932200003,-2.02955524350378
2208,3.16818839895022,25.977549920377204,18.249579124579125,4.634147643999995,1.26255117950858
2213,5.875871879922423,51.962498877948974,-2.115284974093264,4.634140014600007,0.3403750185285533
2214,1.6546414751634477,43.76032158020709,16.0,0.3658599852999913,-1.8130815920129502
2219,11.002225546402942,43.70958578537351,3.3698347107438016,3.4146347046000045,-1.1815791218941343
2220,10.606733154108616,25.8612611321935,3.7523402523402525,19.390243530299998,-0.471398679249624
2233,17.828146848090082,84.81983313112688,20.17846750727449,9.26828765869999,-1.5705502225543775
2237,11.183171181353842,27.88482604639275,15.06918902622852,9.0243911743,-0.2682602234509316
2241,4.548537606868715,51.75858435509128,19.260314341846758,2.560977935799997,1.0992544048552078
2247,12.134378641170493,49.60855962290649,26.620454545454546,3.170726776100004,-2.0602620652678496
2253,1.7167488356569078,42.60837096761232,0.5,3.048774719199997,-2.3299855616150245
2255,6.0757419689864385,42.86234924732573,1.0576225045372052,6.463424682599992,0.49376685437160905
2259,10.474377883445017,40.14482637765227,-0.2999157540016849,5.1219482422000056,0.47735531939348963
2265,10.612547690035584,35.28048795183559,2.187593984962406,4.512191772500003,0.0
2272,7.505475533690265,34.708192273546324,8.294980694980694,2.073165893600006,-0.6661803076375653
2273,3.5978048259293214,32.249785458729555,20.855397148676172,3.170730590800005,-2.223578094716014
2277,7.717428541510359,29.805059720360177,10.908757549611733,9.1463432312,-2.3323831122221526
2279,5.921332136539228,31.249294344209126,7.368179623370352,6.341461181599996,-2.195451918628222
2280,3.4395668606680605,38.393161865444924,13.828488372093023,5.731704711899994,0.2907342815268815
2281,3.146982049740239,48.389628808505655,15.239057239057239,2.5609741211000028,5.71976570425172
2287,12.336567291689075,34.18178496092528,10.704844006568145,9.878055572499996,2.0264956538470837
2289,1.1494488056247678,38.3339796714368,9.83495145631068,0.6097564697000024,1.7399643987736595
2290,8.18089172755899,49.75959473755623,9.34481865284974,8.902442932099994,-3.1781376487863464
2297,3.2370118162516706,44.30158308606468,1.6702127659574468,5.487800598099994,4.324976489029761
2298,7.609263693454255,47.993575703884886,11.614609571788414,0.8536605834999946,-1.708443881526019
2300,3.8754295427685856,47.868484410523436,8.367630057803469,0.0,4.386610519528448
2305,4.584660227644638,30.05642733610469,8.718243819266837,3.902435302699999,3.4898987505165624
2310,13.232603441596469,37.34680197816655,12.06862356207854,8.7804832458,-0.9068510254209085
2314,2.114668340681451,33.13814744596215,3.7987654320987656,1.4634094238000017,0.4728873936220894
2316,0.5364523209622847,31.00055860472811,13.0,0.12195587159999377,3.7281971236743146
2320,1.1570893548628025,16.308962269940498,17.5,0.731704711900008,5.185424941284182
2321,0.9046898592988064,20.773347343571306,17.071739130434782,0.48780059809999443,0.0
2323,11.404093433189425,40.93662605908775,1.9171204901293397,14.024391174300007,2.2798831097202332
2326,5.060601756956723,28.23066972938839,21.823783783783785,2.4390258788999972,0.0
2328,3.694385867390419,46.96004750976022,11.5,0.0,-3.2481718019553725
2329,6.430289788028188,8.76612823119156,13.613761467889908,0.48780822749999686,0.6220559464438348
2332,7.287088444155773,35.10247408685915,11.563963210702342,4.999992370599998,-2.058435287968813
2335,3.5045135540740833,34.055361825519135,9.668443496801705,4.512191772500003,4.280194602917752
2338,10.305157738056028,29.943421517484044,15.91547131147541,2.92683410650001,0.6792715044185713
2339,9.787065369429046,38.09040068255938,0.32934643314822726,7.926826477099993,1.7369864569517777
2344,3.633226796260801,51.65266376019746,6.617359413202934,1.7073211670000035,-1.9266619984208453
2350,8.473136010143097,34.73419271635937,8.599462365591398,1.3414611815999962,0.7081203456214401
2355,16.24478466241329,42.097262310416255,11.349499089253188,7.317077636700006,-0.92337327405186
2356,3.4272876552208156,32.839747825948905,7.286266924564797,6.9512176514,5.835518349191914
2357,2.1162400515908355,37.94720695204547,7.125974025974026,3.0487823485999996,-9.923259879810765
2360,18.887656395802992,34.15438501853773,12.239583333333334,14.146339416499998,0.9000587285025766
2377,6.414080611334567,46.5546442084208,8.946601941747574,8.29267883300001,0.6236279589207917
2382,6.433406587534916,60.82013977449802,18.76129943502825,1.4634170532000041,-2.0207023795430907
2384,4.783935324185716,52.043092580129155,20.73572744014733,1.5853652953999955,-6.2709877887210705
2391,2.77384509665683,35.29280132499707,23.652956298200515,1.8292655945000007,5.407655971156685
2395,2.951753038685091,38.05192564168808,22.495412844036696,2.0731735228999995,5.420507674696076
2397,3.8506976748856037,32.99614841934307,21.28462709284627,2.5609741211000028,-4.155091194084804
2400,0.6013314944066478,22.564574539267646,11.431372549019608,0.0,-1.662976260684185
2401,5.437654359703235,38.5595802931254,11.237696335078533,1.3414611815999962,3.3102508562133703
2402,4.292547301662461,32.09069193486688,19.507530120481928,2.804878234900002,3.960352398077493
2410,6.052147084657562,39.52638658472659,15.174703891708967,6.5853652953999955,0.0
2428,2.6064375999861635,40.537794927113175,8.303763440860216,0.0,7.673308580303695
2437,4.933485977123923,34.61267884693088,26.77279005524862,0.7317123412999962,0.2026964310098172
2438,6.8342492828520935,43.76307105301187,15.660580021482277,2.439022064200003,0.2926437004600091
2444,9.01061543119217,37.726191154289346,15.1848,1.707313537600001,0.0
2464,4.042995504045509,31.149436515662735,13.934554973821989,1.5853652953999955,-0.7420240752180246
2467,6.802458489764727,37.31497157365,14.319852941176471,0.0,0.29401134942745866
2471,7.9883739548432535,39.017428887990505,21.269076305220885,1.707313537600001,0.7510915280026761
2478,4.546337473169587,41.13276001057551,18.892857142857142,5.365852355899989,5.498931864943729
2481,5.211779139349705,34.947306458130974,29.348443843031124,2.195129394600002,0.0
2485,10.750913164609837,41.50171797680698,31.95204178537512,4.756095886200001,-1.1161842548874772
2533,15.311542557639534,30.734659102086912,23.674589768339768,15.365852356000005,-0.3265510304515532
2536,11.000678086907007,36.11971707007659,19.603734439834025,3.536586761500004,-2.6362011296845203
2545,7.245345816594616,28.242941169134934,23.377425944841676,4.634147643999995,0.27603927412536117
2548,3.220860355728186,38.486371746251145,19.022875816993466,0.0,7.4514251936805795
2556,5.983842225799793,50.074653536489684,27.04147465437788,1.829269409200009,0.5013501169976158
2574,4.324754825183502,39.55713371819172,23.616959064327485,3.292686462399999,5.086993572882256
2581,8.921058201441522,41.43658548497824,22.143939393939394,0.0,0.0
2584,5.306175342028577,24.3768280642363,28.699285714285715,2.1951217651999997,2.4499755778952523
2589,7.556480974907992,34.61594185781069,18.230023273855704,0.0,0.3970101969371435
2591,5.212178509265579,23.949999466027162,29.547595682041216,4.0243835449000045,0.5755750680194403
2610,2.6015727120565457,27.49028783577673,27.5,0.48780822759999865,0.0
2612,12.922137394832125,25.494424789995787,33.37873134328358,20.731704711899994,-0.9286389420993999
2628,1.5673040160061666,25.81404546765967,15.381578947368421,2.1951141356999955,5.104306451268943
2629,5.791105975591981,38.92476051789157,15.831781140861468,6.829269409100007,0.34535717502485436
2654,9.409608358610448,37.73686100601208,26.114821591948765,4.146347045900001,-1.4878408820478721
2663,2.82094220464031,30.329419571423912,18.5,0.12195205689999966,1.063474464335054
2668,7.184739041657399,51.63633412466204,17.026178010471206,3.0487823485999996,1.1134711996658035
2673,8.64326013378297,44.74548182230172,17.973011363636363,1.0975570678999986,2.8924271181293295
2702,8.844141043012979,42.72204701190495,35.151595744680854,1.0975570679000128,-3.5051453667725623
2710,7.1942376679825895,40.284965213634166,35.52917232021709,4.8780517577999944,-2.9190028143577895
2744,10.596111716664202,49.413745805434225,29.395363408521302,4.512191772400001,-1.793110577545086
2759,8.043102009200222,30.283598972882437,30.916301969365428,4.756103515599989,0.49732056057781443
2763,8.689538971514331,27.743195102632384,29.013754045307444,6.341468810999999,-1.2658899437656845
2775,8.407839524741485,38.20458669694783,21.92676767676768,0.36584472660000245,0.7136197095988795
2776,5.341847780521524,25.09525883992867,27.54074074074074,0.24390411379999932,1.3104079875740282
2780,3.2196485798026586,44.20861126357352,21.654185022026432,0.7317123412999962,-11.181344518725874
2789,6.628241395485388,42.5030264888518,19.449344457687722,0.0,2.715652452286985
2790,5.8009007612959165,27.98427255537689,25.283274956217163,4.878044128399992,0.6895480830646727
2806,1.253822563352033,21.157080283079257,32.608695652173914,0.9756011963000049,3.1902440719412453
2814,7.3488430226326145,35.98410208320514,19.848341232227487,0.7317047118999938,0.0
2820,5.210146015444152,6.234018521886917,26.794392523364486,0.12195587149999199,0.0
2831,3.8088912303578777,31.957566390799624,26.940913604766635,4.999992370599998,-1.5752615753840387
2848,5.9077489697826016,44.75690511981342,19.80389221556886,0.12194824220000555,-1.0156152589910727
2849,5.624021626691854,31.27462219551108,19.260268857356238,5.0,-2.1337044550197803
2856,10.778782200886562,52.45742179124741,26.72820512820513,3.902435302699999,-1.8554971820800856
2870,0.6549162347144671,45.508488843902384,22.86577181208054,3.0487823487000014,29.011343730521038
2871,0.3441737797900855,46.63891605207261,21.681528662420384,0.9756164550000008,-49.39365227173448
2874,16.149004363601648,36.98592294697883,22.766773897058822,5.6097488403,0.8050031882647075
2886,14.580457686613997,43.29908618932421,21.97571679344646,9.024391174299993,1.8517937214541706
2898,9.817979385786087,45.28154945891325,22.63558052434457,0.7317047118999938,1.935225085877357
2902,8.641037906712754,39.88170697182633,29.584513274336285,2.8048858642999903,-1.2729952256608776
2908,5.356789224064693,50.4049643865892,29.5,2.3170776366999917,1.493431917026158
2909,5.108768195043791,45.153941635870055,28.73806275579809,2.926834106399994,-7.242450349556885
2919,7.3161248074834555,43.41675842779441,21.697507190795783,7.682922363299994,1.230159440527061
2922,10.552136095629812,47.3788956702282,30.049912434325744,5.0,2.843026258202314
2931,8.257453246330275,36.618998403916684,21.636587366694013,0.0,0.12110271413821369
2949,10.024950272186922,24.633504482085485,22.126175253854832,4.999992370599998,0.09975111824488403
2956,3.7228226735626913,20.199845636810768,18.68846153846154,-0.12195587160000798,-1.6116803098381478
2967,8.29298449072898,31.5104465713127,19.499361022364216,3.7804870604999934,-0.12058385025534961
2973,10.583740276807783,42.61254448023618,25.19848484848485,2.8048858643000045,2.834536677524031
2999,8.324444630436671,31.43519447863601,20.278566359119942,4.634147643999995,-0.9610250719609085
3009,8.15883510920972,26.822161584287073,22.929054054054053,0.9756011962999906,-2.3287638180789725
3011,7.126422512282275,26.384961813874604,19.808971141781683,7.317070007299989,0.0
3017,6.675154905924799,66.7261729168125,24.5,3.0487823487000014,4.194659209353701
3018,5.719449135797326,34.24386586032948,24.401440485216074,7.073173522899992,-1.3987361037847137
3019,2.588655317542093,25.55764941414315,24.208333333333332,1.5853652953999955,6.567116094908054
3020,2.785261892909865,29.422237131147728,20.6993006993007,1.097564697300001,3.2312939845658
3025,5.291108695858378,46.75561379962672,18.925925925925927,5.243896484399997,7.181859641202333
3031,5.688112888885646,30.606263417297978,28.396603773584907,2.926826477000006,-2.461273233053349
3037,3.286445375916894,34.06153756444863,28.5,1.097564697300001,0.9128403660635991
3056,8.285745422544005,29.134441657717442,18.556395715185886,1.4634094238000017,0.3620676049058357
3060,5.634755009766083,39.20743363224951,23.258426966292134,5.000007629400002,-2.484580070603848
3062,8.158499276507904,20.921637508889997,27.0,0.48780822759999865,-2.6965743642765507
3065,7.045458423083181,38.06068093234911,15.975454545454545,0.7317047118999938,0.0
3066,2.2747499222606353,61.11399857370264,17.0,2.0731735230000083,8.352566501515865
3072,7.060281494417716,42.82953994335986,14.453093812375249,8.902442932100001,2.8327482432270163
3080,5.969203974182902,34.32578649153312,18.0,2.8048820495000015,-2.3453713527885265
3096,8.283751281530426,43.541235987369866,16.002235469448586,3.2926788329999965,2.7765198662206503
3097,2.756927718025785,45.1301096690974,14.829335793357934,2.8048782348000003,-2.5390582256587586
3130,5.66540024599481,48.982168891775046,25.34201388888889,3.4146347046000045,5.2953010727192105
3131,13.093580033227601,46.509253345039866,22.692251461988302,3.2926788330000036,-2.5966924182475792
3137,5.8727063624809555,34.56621463537362,8.555384615384616,8.170730590800005,0.5108377321853079
3145,5.441513353323109,28.5405829722763,14.0,0.0,1.102634434653335
3149,0.7598434813622318,17.39938618215147,17.0,0.0,5.264242042096462
3150,1.7030719463154824,29.88491691456941,17.5,1.2195129395000066,-1.1743485084860377
3161,7.292869131707813,42.860748431721504,23.5,2.6829223633000083,-4.662088320243589
3183,8.399649121688718,37.251438748050695,2.563935681470138,3.7804870604999934,0.1190525920205288
3211,7.6242412348370525,39.02237595436039,6.7346585998271395,2.6829223633000083,2.4920512631715113
3215,5.9171926660952945,23.46024279046157,12.472345132743364,0.7317047118999938,-1.3519924821510219
3223,8.76754917034849,43.60775663250587,7.572727272727272,4.7560920714999995,-1.1405695942738037
3229,0.39531665137562244,7.7927149194534415,7.307795698924731,1.3414611816000033,-17.70732392789782
3234,14.272359797582512,49.38521939665025,7.0,7.317077636699992,-1.471375462630716
3263,5.694241169767254,25.623039598588473,10.223730814639906,5.243904113700005,-2.1073923007884274
3271,5.235979476454589,41.223552644994925,4.5,3.6585311890000014,6.875504413622433
